Day,Time Slot,Group Leader,Student Name,Student Number
Thursday,09:00 - 09:15,Mbulaheni Adivhaho,Mbulaheni Adivhaho,24018302
Thursday,09:15 - 09:30,Rethabile Thobejane,Rethabile Thobejane,25036690
Thursday,09:15 - 09:30,Rethabile Thobejane,Ndzalama Makamo,25046311
Thursday,09:15 - 09:30,Rethabile Thobejane,Casey Chauke,24006843
Thursday,09:15 - 09:30,Rethabile Thobejane,LO     Tshisikamulilo,25090736
Thursday,10:00 - 10:15,Ravele Thendo,Ravele Thendo,22020922
Thursday,10:00 - 10:15,Ravele Thendo,Sikhwai Phathutshedzo,23015256
Thursday,10:00 - 10:15,Ravele Thendo,Masesane Tokollo,24027232
Thursday,10:00 - 10:15,Ravele Thendo,Mabunda Prelate,23037533
Friday,14:00 - 14:15,Netshituni akonaho,Netshituni akonaho,25058693
Friday,14:00 - 14:15,Netshituni akonaho,Monyebodi matuma tlou,25056641
Friday,14:00 - 14:15,Netshituni akonaho,Mafukasaga washu,25015999
Friday,14:00 - 14:15,Netshituni akonaho,Mmbengeni ndivheafi,24033680
Friday,14:15 - 14:30,Chauke Hlulani,Chauke Hlulani,24000593
Friday,14:15 - 14:30,Chauke Hlulani,Mugeri Adivhaho,22010510
Friday,14:15 - 14:30,Chauke Hlulani,Nemavhoini Atondaho,24033006
Friday,14:15 - 14:30,Chauke Hlulani,Sithaba V.H,25019845
Friday,14:30 - 14:45,Mualusi Ramalata,Mualusi Ramalata,24036346
Friday,14:30 - 14:45,Mualusi Ramalata,Nemakanga OL,24030298
Friday,14:30 - 14:45,Mualusi Ramalata,Makaringe  KM,25038323
Friday,14:30 - 14:45,Mualusi Ramalata,Maganya U,25029886
Friday,14:30 - 14:45,Mutshafa unarine,Mutshafa unarine,24014680
Friday,14:30 - 14:45,Mutshafa unarine,Nyathi  Y,23023431
Friday,14:30 - 14:45,Mutshafa unarine,Ramabaga M,25015317
Friday,15:30 - 15:45,Ndou Faresa,Ndou Faresa,23026052
Friday,15:30 - 15:45,Ndou Faresa,Muguru Tshifhiwa,24009182
Friday,15:30 - 15:45,Ndou Faresa,Magosha khumbudzo,23027295
Friday,15:30 - 15:45,Ndou Faresa,Ramudzuli Ndiene,23008894
